Timestamp,Symbol,Action,Price,ProfitLoss,CloseTime,EntryPrice,ClosePrice,Strategy
1770914100,AAPL,SELL,266.77,-4.12,1770914400,266.77,266.88,FVG_Trend
1770915300,AAPL,SELL,265.43,8.47,1770915600,265.43,265.20,FVG_Trend
1770993900,AAPL,SELL,260.27,73.51,1771010700,260.27,258.36,FVG_Trend
1771343100,AAPL,BUY,260.01,-11.68,1771343400,260.01,259.71,FVG_Trend
1771427700,AAPL,BUY,265.16,34.74,1771431900,265.16,266.08,FVG_Trend
1771512300,AAPL,SELL,263.91,-11.86,1771512600,263.91,264.22,FVG_Trend
1771512900,AAPL,SELL,263.78,25.24,1771513200,263.78,263.12,FVG_Trend
1771598100,AAPL,SELL,259.81,39.91,1771599000,259.81,258.78,FVG_Trend
1771599300,AAPL,SELL,259.60,-34.81,1771599600,259.60,260.49,FVG_Trend
1771606800,AAPL,BUY,263.79,-14.58,1771607100,263.79,263.41,FVG_Trend
1771857000,AAPL,BUY,265.39,112.24,1771869600,265.39,268.33,FVG_Trend
1771945800,AAPL,BUY,272.97,40.42,1771946700,272.97,274.05,FVG_Trend
1771948800,AAPL,BUY,273.77,31.47,1771949400,273.77,274.61,FVG_Trend
1772031600,AAPL,BUY,272.73,-3.96,1772031900,272.73,272.62,FVG_Trend
1772032200,AAPL,BUY,272.96,19.50,1772033100,272.96,273.48,FVG_Trend
1772037000,AAPL,BUY,273.45,-0.57,1772037300,273.45,273.43,FVG_Trend
1772116800,AAPL,BUY,274.51,-24.36,1772117400,274.51,273.86,FVG_Trend
1772124300,AAPL,SELL,272.30,-2.83,1772124600,272.30,272.38,FVG_Trend
1772203500,AAPL,SELL,270.89,101.29,1772206200,270.89,268.22,FVG_Trend
1772207100,AAPL,SELL,268.96,12.15,1772207400,268.96,268.65,FVG_Trend
1772207700,AAPL,SELL,268.90,-10.43,1772208000,268.90,269.17,FVG_Trend
1772462400,AAPL,SELL,262.82,-3.36,1772462700,262.82,262.90,FVG_Trend
1772463300,AAPL,SELL,263.15,-35.09,1772463900,263.15,264.04,FVG_Trend
1772552100,AAPL,SELL,263.08,-10.42,1772552400,263.08,263.35,FVG_Trend
1772554800,AAPL,SELL,262.43,11.82,1772555100,262.43,262.13,FVG_Trend
1772639100,AAPL,BUY,263.25,-2.77,1772639400,263.25,263.18,FVG_Trend
1772639700,AAPL,BUY,264.06,51.47,1772642400,264.06,265.37,FVG_Trend
1772808000,AAPL,SELL,255.51,-181.38,1773084600,255.51,259.97,FVG_Trend
1773237600,AAPL,BUY,261.11,-7.62,1773237900,261.11,260.92,FVG_Trend
1773240000,AAPL,SELL,260.41,-0.78,1773240300,260.41,260.43,FVG_Trend
1773324000,AAPL,SELL,255.98,-11.92,1773324300,255.98,256.28,FVG_Trend
1773324600,AAPL,SELL,255.98,17.91,1773324900,255.98,255.53,FVG_Trend
1773326100,AAPL,SELL,254.91,-9.61,1773326400,254.91,255.15,FVG_Trend
1773327000,AAPL,SELL,255.14,-0.56,1773327300,255.14,255.15,FVG_Trend
1773327900,AAPL,SELL,254.93,-9.00,1773328200,254.93,255.15,FVG_Trend
1773408600,AAPL,SELL,255.62,-4.19,1773408900,255.62,255.72,FVG_Trend
1773756300,AAPL,BUY,254.46,-2.20,1773756600,254.46,254.41,FVG_Trend
1773756900,AAPL,BUY,254.24,16.03,1773757800,254.24,254.64,FVG_Trend
1773841800,AAPL,SELL,253.50,33.79,1773843900,253.50,252.66,FVG_Trend
1773846300,AAPL,SELL,252.86,-4.45,1773846600,252.86,252.97,FVG_Trend
1773935700,AAPL,SELL,249.60,-6.15,1773936000,249.60,249.75,FVG_Trend
1774014000,AAPL,SELL,247.33,-57.86,1774014600,247.33,248.73,FVG_Trend
1774014900,AAPL,SELL,247.68,-43.09,1774018500,247.68,248.73,FVG_Trend
1774274400,AAPL,BUY,251.38,192.64,1774534800,251.38,256.17,FVG_Trend
1774623000,AAPL,SELL,252.90,-11.01,1774623300,252.90,253.17,FVG_Trend
1774624200,AAPL,SELL,252.19,-40.03,1774625700,252.19,253.17,FVG_Trend
1774626000,AAPL,SELL,252.57,-7.31,1774626600,252.57,252.75,FVG_Trend
1774879200,AAPL,SELL,248.08,33.48,1774880100,248.08,247.27,FVG_Trend
1774884000,AAPL,SELL,246.79,-3.54,1774884300,246.79,246.87,FVG_Trend
1774965600,AAPL,BUY,248.67,-5.38,1774965900,248.67,248.54,FVG_Trend
1774966800,AAPL,BUY,248.76,-8.88,1774967400,248.76,248.54,FVG_Trend
1774971000,AAPL,BUY,248.02,13.04,1774971300,248.02,248.33,FVG_Trend
1775051400,AAPL,BUY,254.54,20.91,1775052300,254.54,255.06,FVG_Trend
1775052600,AAPL,BUY,254.27,-3.04,1775052900,254.27,254.20,FVG_Trend
1775137500,AAPL,SELL,251.68,-17.60,1775137800,251.68,252.11,FVG_Trend
1775138100,AAPL,SELL,252.50,-108.34,1775141700,252.50,255.16,FVG_Trend
1775142600,AAPL,BUY,254.99,-10.97,1775143200,254.99,254.71,FVG_Trend
1775143500,AAPL,BUY,255.12,-16.33,1775143800,255.12,254.71,FVG_Trend
1775144100,AAPL,BUY,255.00,-11.57,1775144400,255.00,254.71,FVG_Trend
1775486100,AAPL,BUY,260.68,-22.17,1775486700,260.68,260.11,FVG_Trend
1775487000,AAPL,BUY,259.94,-5.45,1775487300,259.94,259.80,FVG_Trend
1775574300,AAPL,SELL,246.29,-8.41,1775574600,246.29,246.49,FVG_Trend
1775660700,AAPL,BUY,258.81,-2.73,1775661000,258.81,258.74,FVG_Trend
1775748000,AAPL,SELL,257.83,7.05,1775748300,257.83,257.65,FVG_Trend
1775830800,AAPL,BUY,261.43,8.99,1775831100,261.43,261.66,FVG_Trend
1776174600,AAPL,BUY,259.95,-14.81,1776174900,259.95,259.57,FVG_Trend
1776175500,AAPL,BUY,260.26,-26.58,1776175800,260.26,259.57,FVG_Trend
1776181200,AAPL,BUY,258.24,-13.55,1776181500,258.24,257.89,FVG_Trend
1776261900,AAPL,BUY,259.44,34.31,1776262500,259.44,260.33,FVG_Trend
1776265500,AAPL,BUY,262.88,6.62,1776265800,262.88,263.05,FVG_Trend
1776266400,AAPL,BUY,262.80,-1.34,1776266700,262.80,262.76,FVG_Trend
1776351300,AAPL,SELL,261.87,-2.32,1776351600,261.87,261.93,FVG_Trend
1776433200,AAPL,BUY,267.94,236.82,1776693900,267.94,274.22,FVG_Trend
1776694200,AAPL,BUY,273.48,-25.32,1776696000,273.48,272.81,FVG_Trend
1776699300,AAPL,BUY,272.55,-8.89,1776699600,272.55,272.32,FVG_Trend
1776700500,AAPL,BUY,272.78,-17.52,1776701400,272.78,272.32,FVG_Trend
1776779700,AAPL,SELL,271.84,38.01,1776780300,271.84,270.83,FVG_Trend
1776868500,AAPL,BUY,271.85,-3.04,1776868800,271.85,271.77,FVG_Trend
1776869100,AAPL,BUY,271.01,13.70,1776869400,271.01,271.37,FVG_Trend
1776951600,AAPL,BUY,273.53,27.76,1776952800,273.53,274.27,FVG_Trend
1776953100,AAPL,BUY,274.57,-57.72,1776959100,274.57,273.04,FVG_Trend
1777038300,AAPL,SELL,271.72,88.70,1777296600,271.72,269.38,FVG_Trend
1777297200,AAPL,SELL,267.48,-132.63,1777383000,267.48,270.90,FVG_Trend
1777386900,AAPL,BUY,271.06,-6.24,1777387200,271.06,270.89,FVG_Trend
1777388100,AAPL,BUY,271.13,13.33,1777388400,271.13,271.48,FVG_Trend
1777470300,AAPL,SELL,269.35,-44.42,1777481400,269.35,270.51,FVG_Trend
1777556700,AAPL,SELL,269.47,-11.06,1777557000,269.47,269.76,FVG_Trend
1777644900,AAPL,BUY,285.49,-2.86,1777645200,285.49,285.41,FVG_Trend
1777649400,AAPL,BUY,283.62,5.13,1777649700,283.62,283.76,FVG_Trend
1777902300,AAPL,SELL,277.56,-75.83,1777988100,277.56,279.62,FVG_Trend
1777988400,AAPL,BUY,278.70,85.36,1777990800,278.70,281.05,FVG_Trend
1777993200,AAPL,BUY,280.38,37.59,1777997700,280.38,281.41,FVG_Trend
1778163000,AAPL,BUY,290.33,34.44,1778166900,290.33,291.30,FVG_Trend
1772202600,AAPL,SELL,269.47,267.93,1772461800,269.47,262.25,SMA_Cross_Volume
1772807400,AAPL,SELL,255.34,-210.28,1773084900,255.34,260.57,SMA_Cross_Volume
1773322200,AAPL,SELL,258.27,221.59,1773416400,258.27,252.58,SMA_Cross_Volume
1773670800,AAPL,BUY,253.17,-73.08,1773851400,253.17,251.37,SMA_Cross_Volume
1774445400,AAPL,BUY,254.03,-113.30,1774531800,254.03,251.21,SMA_Cross_Volume
1774619100,AAPL,BUY,254.73,-107.58,1774622700,254.73,252.01,SMA_Cross_Volume
1774963800,AAPL,BUY,248.70,256.56,1774986600,248.70,255.09,SMA_Cross_Volume
1775136600,AAPL,SELL,252.16,-161.53,1775482200,252.16,256.14,SMA_Cross_Volume
1775568600,AAPL,SELL,252.93,-245.36,1775656800,252.93,259.09,SMA_Cross_Volume
1776087000,AAPL,SELL,258.60,-73.97,1776173700,258.60,260.55,SMA_Cross_Volume
1776432600,AAPL,BUY,268.41,375.29,1777642200,268.41,278.73,SMA_Cross_Volume
1777987800,AAPL,BUY,279.17,194.54,1778001600,279.17,284.53,SMA_Cross_Volume
1770999900,AAPL,BUY,259.29,-20.34,1771000500,259.29,258.76,Liquidity_Sweep_MTF
1771338900,AAPL,BUY,259.02,267.93,1771354500,259.02,265.97,Liquidity_Sweep_MTF
1771432800,AAPL,SELL,266.00,42.38,1771440000,266.00,264.90,Liquidity_Sweep_MTF
1771512300,AAPL,BUY,263.91,-54.59,1771523100,263.91,262.51,Liquidity_Sweep_MTF
1771597800,AAPL,BUY,259.08,42.47,1771598100,259.08,260.16,Liquidity_Sweep_MTF
1771599900,AAPL,BUY,261.95,193.04,1771860000,261.95,266.87,Liquidity_Sweep_MTF
1771862400,AAPL,SELL,265.85,-48.84,1771867200,265.85,267.09,Liquidity_Sweep_MTF
1772030400,AAPL,BUY,272.23,91.12,1772043900,272.23,274.61,Liquidity_Sweep_MTF
1772116500,AAPL,SELL,273.90,170.43,1772202600,273.90,269.46,Liquidity_Sweep_MTF
1772203800,AAPL,BUY,271.10,-92.61,1772205900,271.10,268.75,Liquidity_Sweep_MTF
1772208000,AAPL,BUY,269.44,-42.06,1772208600,269.44,268.37,Liquidity_Sweep_MTF
1772208900,AAPL,BUY,268.60,29.46,1772209800,268.60,269.34,Liquidity_Sweep_MTF
1772635200,AAPL,SELL,262.30,-99.35,1772642100,262.30,264.76,Liquidity_Sweep_MTF
1772725200,AAPL,BUY,260.15,-70.14,1772736300,260.15,258.41,Liquidity_Sweep_MTF
1773063000,AAPL,SELL,254.46,-145.62,1773071400,254.46,258.02,Liquidity_Sweep_MTF
1773072000,AAPL,SELL,257.34,-28.12,1773072600,257.34,258.05,Liquidity_Sweep_MTF
1773157500,AAPL,SELL,261.06,-21.95,1773158700,261.06,261.62,Liquidity_Sweep_MTF
1773240000,AAPL,BUY,260.41,-19.22,1773243000,260.41,259.92,Liquidity_Sweep_MTF
1773330000,AAPL,BUY,255.57,-56.04,1773412800,255.57,254.17,Liquidity_Sweep_MTF
1773413100,AAPL,BUY,254.38,-15.55,1773413700,254.38,253.99,Liquidity_Sweep_MTF
1773668100,AAPL,BUY,252.00,-84.35,1773860100,252.00,249.90,Liquidity_Sweep_MTF
1773927900,AAPL,BUY,251.46,-98.80,1773937200,251.46,248.99,Liquidity_Sweep_MTF
1774014600,AAPL,BUY,248.63,-53.57,1774015200,248.63,247.29,Liquidity_Sweep_MTF
1774359300,AAPL,BUY,251.39,145.50,1774534200,251.39,255.09,Liquidity_Sweep_MTF
1774538100,AAPL,SELL,255.83,-30.58,1774539600,255.83,256.61,Liquidity_Sweep_MTF
1774623000,AAPL,BUY,252.90,-43.89,1774628700,252.90,251.79,Liquidity_Sweep_MTF
1774966800,AAPL,SELL,248.76,30.02,1774968000,248.76,248.01,Liquidity_Sweep_MTF
1775487000,AAPL,SELL,259.94,53.02,1775494800,259.94,258.56,Liquidity_Sweep_MTF
1775658000,AAPL,SELL,258.40,-28.27,1775660400,258.40,259.13,Liquidity_Sweep_MTF
1775741700,AAPL,SELL,258.88,89.72,1775742900,258.88,256.56,Liquidity_Sweep_MTF
1775743500,AAPL,BUY,257.44,108.29,1775754900,257.44,260.20,Liquidity_Sweep_MTF
1775827800,AAPL,SELL,259.90,-32.80,1775829600,259.90,260.74,Liquidity_Sweep_MTF
1776260700,AAPL,SELL,258.03,-86.14,1776262500,258.03,260.21,Liquidity_Sweep_MTF
1776346500,AAPL,SELL,262.97,-161.16,1776432600,262.97,267.17,Liquidity_Sweep_MTF
1776441300,AAPL,SELL,270.97,-33.34,1776691800,270.97,271.88,Liquidity_Sweep_MTF
1776695700,AAPL,SELL,273.07,-16.31,1776696000,273.07,273.52,Liquidity_Sweep_MTF
1777038600,AAPL,BUY,271.97,-32.66,1777039500,271.97,271.07,Liquidity_Sweep_MTF
1777045500,AAPL,BUY,270.50,-25.85,1777050300,270.50,269.79,Liquidity_Sweep_MTF
1777383000,AAPL,SELL,269.12,44.77,1777383300,269.12,267.90,Liquidity_Sweep_MTF
1777472100,AAPL,BUY,269.64,-16.47,1777472400,269.64,269.19,Liquidity_Sweep_MTF
1777556400,AAPL,BUY,269.07,68.82,1777557600,269.07,270.95,Liquidity_Sweep_MTF
1770993600,MSFT,BUY,403.17,-70.69,1770997200,403.17,400.32,SMA_Cross_Volume
1771425300,MSFT,BUY,398.27,113.69,1771512900,398.27,402.83,SMA_Cross_Volume
1771517400,MSFT,BUY,400.86,-26.93,1771518600,400.86,399.79,SMA_Cross_Volume
1771944300,MSFT,SELL,388.26,57.27,1771944900,388.26,386.04,SMA_Cross_Volume
1772202600,MSFT,SELL,393.27,-223.87,1772557500,393.27,402.01,SMA_Cross_Volume
1772721000,MSFT,BUY,407.24,137.86,1772808000,407.24,412.94,SMA_Cross_Volume
1773149700,MSFT,SELL,406.18,198.67,1773414000,406.18,398.10,SMA_Cross_Volume
1773672900,MSFT,BUY,397.86,88.33,1773754200,397.86,401.31,SMA_Cross_Volume
1774272600,MSFT,BUY,386.14,-160.45,1774359000,386.14,380.11,SMA_Cross_Volume
1774445400,MSFT,BUY,376.23,-114.05,1774451100,376.23,371.99,SMA_Cross_Volume
1774532400,MSFT,BUY,372.17,-77.78,1774539000,372.17,369.28,SMA_Cross_Volume
1774877700,MSFT,BUY,361.35,-133.04,1774897800,361.35,356.50,SMA_Cross_Volume
1774963800,MSFT,BUY,366.83,556.40,1776173400,366.83,387.68,SMA_Cross_Volume
1776778800,MSFT,BUY,421.01,207.15,1776866400,421.01,429.44,SMA_Cross_Volume
1770914100,MSFT,SELL,400.16,22.49,1770914400,400.16,399.26,FVG_Trend
1770993000,MSFT,SELL,401.47,-70.90,1770993900,401.47,404.31,FVG_Trend
1770994800,MSFT,BUY,402.97,-35.07,1770995700,402.97,401.55,FVG_Trend
1770996000,MSFT,BUY,403.02,-36.17,1770996900,403.02,401.55,FVG_Trend
1771340400,MSFT,SELL,397.00,-7.84,1771340700,397.00,397.31,FVG_Trend
1771341300,MSFT,SELL,398.08,20.09,1771341600,398.08,397.27,FVG_Trend
1771341900,MSFT,SELL,396.90,15.52,1771342200,396.90,396.28,FVG_Trend
1771432500,MSFT,BUY,401.91,-5.94,1771432800,401.91,401.67,FVG_Trend
1771514100,MSFT,BUY,401.71,-14.42,1771514700,401.71,401.13,FVG_Trend
1771517700,MSFT,SELL,400.66,-6.91,1771518000,400.66,400.94,FVG_Trend
1771518300,MSFT,SELL,400.09,31.49,1771519200,400.09,398.82,FVG_Trend
1771520400,MSFT,SELL,398.68,-13.18,1771520700,398.68,399.21,FVG_Trend
1771598100,MSFT,SELL,397.23,-15.70,1771598400,397.23,397.86,FVG_Trend
1771598700,MSFT,SELL,397.43,27.79,1771599300,397.43,396.32,FVG_Trend
1771600200,MSFT,SELL,397.43,28.05,1771600500,397.43,396.31,FVG_Trend
1771605000,MSFT,SELL,398.11,-16.23,1771605600,398.11,398.76,FVG_Trend
1771858500,MSFT,SELL,388.75,58.96,1771861800,388.75,386.44,FVG_Trend
1771863300,MSFT,SELL,386.06,-9.31,1771863600,386.06,386.42,FVG_Trend
1771863900,MSFT,SELL,386.56,59.17,1771875900,386.56,384.27,FVG_Trend
1771946100,MSFT,BUY,387.80,121.84,1772029800,387.80,392.51,FVG_Trend
1772031900,MSFT,BUY,396.88,-8.31,1772032200,396.88,396.55,FVG_Trend
1772032500,MSFT,BUY,397.61,40.76,1772033100,397.61,399.21,FVG_Trend
1772033400,MSFT,BUY,398.35,24.74,1772034000,398.35,399.31,FVG_Trend
1772034600,MSFT,BUY,398.14,16.74,1772034900,398.14,398.79,FVG_Trend
1772035200,MSFT,BUY,397.92,-5.60,1772035500,397.92,397.70,FVG_Trend
1772203800,MSFT,SELL,394.36,-173.80,1772470500,394.36,401.07,FVG_Trend
1772557200,MSFT,BUY,401.84,69.39,1772562300,401.84,404.61,FVG_Trend
1772640600,MSFT,BUY,404.49,-4.00,1772640900,404.49,404.33,FVG_Trend
1772726100,MSFT,SELL,407.13,-64.59,1772729700,407.13,409.73,FVG_Trend
1772811600,MSFT,BUY,411.39,-0.61,1772811900,411.39,411.37,FVG_Trend
1772814600,MSFT,BUY,411.53,-1.40,1772814900,411.53,411.47,FVG_Trend
1773153000,MSFT,SELL,404.96,-1.98,1773153300,404.96,405.04,FVG_Trend
1773236700,MSFT,BUY,407.23,-31.70,1773238200,407.23,405.94,FVG_Trend
1773240000,MSFT,SELL,404.73,21.54,1773240300,404.73,403.86,FVG_Trend
1773242400,MSFT,SELL,403.10,-3.73,1773242700,403.10,403.25,FVG_Trend
1773243600,MSFT,SELL,402.68,-14.20,1773244200,402.68,403.25,FVG_Trend
1773327600,MSFT,BUY,404.26,-10.04,1773328200,404.26,403.85,FVG_Trend
1773328800,MSFT,SELL,403.52,-11.19,1773329100,403.52,403.97,FVG_Trend
1773329400,MSFT,SELL,403.61,-8.95,1773329700,403.61,403.97,FVG_Trend
1773330300,MSFT,SELL,403.51,-11.41,1773330600,403.51,403.97,FVG_Trend
1773408900,MSFT,SELL,402.04,-3.86,1773409200,402.04,402.19,FVG_Trend
1773412200,MSFT,SELL,401.97,-4.71,1773412500,401.97,402.16,FVG_Trend
1773414600,MSFT,SELL,398.80,-0.42,1773414900,398.80,398.82,FVG_Trend
1773415200,MSFT,SELL,397.75,40.10,1773416700,397.75,396.15,FVG_Trend
1773756000,MSFT,BUY,401.27,-31.92,1773756600,401.27,399.99,FVG_Trend
1773759300,MSFT,BUY,399.82,-4.86,1773759600,399.82,399.62,FVG_Trend
1773762300,MSFT,SELL,398.38,-13.64,1773762600,398.38,398.92,FVG_Trend
1773763200,MSFT,SELL,398.57,-8.87,1773764400,398.57,398.92,FVG_Trend
1773841500,MSFT,SELL,397.60,50.29,1773843900,397.60,395.59,FVG_Trend
1773846000,MSFT,SELL,395.49,-10.62,1773846300,395.49,395.91,FVG_Trend
1773927300,MSFT,SELL,390.56,-12.79,1773927600,390.56,391.06,FVG_Trend
1773927900,MSFT,SELL,391.31,28.29,1773928500,391.31,390.20,FVG_Trend
1773928800,MSFT,SELL,390.00,40.78,1773930000,390.00,388.41,FVG_Trend
1773935700,MSFT,SELL,389.61,-2.32,1773936000,389.61,389.70,FVG_Trend
1774273200,MSFT,BUY,384.39,-64.26,1774286100,384.39,381.93,FVG_Trend
1774362900,MSFT,SELL,373.85,-2.40,1774363200,373.85,373.94,FVG_Trend
1774452300,MSFT,SELL,371.42,15.91,1774452900,371.42,370.82,FVG_Trend
1774454100,MSFT,SELL,370.42,-3.09,1774454400,370.42,370.53,FVG_Trend
1774883400,MSFT,BUY,362.95,12.59,1774884300,362.95,363.40,FVG_Trend
1775139000,MSFT,SELL,366.82,-56.97,1775140500,366.82,368.91,FVG_Trend
1775483700,MSFT,BUY,373.23,-21.44,1775484000,373.23,372.43,FVG_Trend
1775569500,MSFT,SELL,371.07,48.53,1775570400,371.07,369.26,FVG_Trend
1775571600,MSFT,SELL,369.57,-2.30,1775571900,369.57,369.65,FVG_Trend
1775572500,MSFT,SELL,369.09,22.70,1775573400,369.09,368.25,FVG_Trend
1775574600,MSFT,SELL,367.59,-16.31,1775574900,367.59,368.19,FVG_Trend
1775575200,MSFT,SELL,367.84,-9.49,1775575800,367.84,368.19,FVG_Trend
1775655300,MSFT,BUY,380.65,-216.75,1775674500,380.65,372.37,FVG_Trend
1775742000,MSFT,SELL,369.79,-99.51,1775827800,369.79,373.56,FVG_Trend
1775829300,MSFT,BUY,372.98,-9.34,1775829600,372.98,372.62,FVG_Trend
1775831100,MSFT,BUY,372.95,8.92,1775831400,372.95,373.30,FVG_Trend
1775831700,MSFT,BUY,373.80,-27.87,1775832300,373.80,372.72,FVG_Trend
1776089400,MSFT,BUY,375.77,-31.87,1776090000,375.77,374.53,FVG_Trend
1776090300,MSFT,BUY,377.43,110.69,1776098100,377.43,381.79,FVG_Trend
1776174600,MSFT,BUY,391.48,258.17,1776260400,391.48,401.90,FVG_Trend
1776265500,MSFT,BUY,407.00,-1.47,1776265800,407.00,406.94,FVG_Trend
1776266100,MSFT,BUY,408.05,-27.08,1776267600,408.05,406.94,FVG_Trend
1776347100,MSFT,BUY,415.24,-70.53,1776348000,415.24,412.29,FVG_Trend
1776348300,MSFT,BUY,414.77,88.59,1776354300,414.77,418.50,FVG_Trend
1776438600,MSFT,BUY,429.77,38.61,1776439500,429.77,431.44,FVG_Trend
1776693000,MSFT,SELL,419.52,-0.49,1776693300,419.52,419.54,FVG_Trend
1776693900,MSFT,SELL,422.18,-8.16,1776694200,422.18,422.53,FVG_Trend
1776870000,MSFT,BUY,430.32,5.91,1776870300,430.32,430.58,FVG_Trend
1776873300,MSFT,BUY,431.62,-0.69,1776873600,431.62,431.59,FVG_Trend
1776954000,MSFT,SELL,419.56,12.85,1776954300,419.56,419.02,FVG_Trend
1777045800,MSFT,BUY,419.96,-1.67,1777046100,419.96,419.89,FVG_Trend
1777302000,MSFT,BUY,422.54,46.12,1777309200,422.54,424.49,FVG_Trend
1777384800,MSFT,BUY,425.74,67.20,1777393800,425.74,428.59,FVG_Trend
1777470000,MSFT,SELL,424.49,150.34,1777555800,424.49,418.17,FVG_Trend
1777642800,MSFT,BUY,413.61,131.12,1777902300,413.61,418.89,FVG_Trend
1777905600,MSFT,BUY,417.68,22.76,1777905900,417.68,418.60,FVG_Trend
1777906500,MSFT,BUY,417.30,-5.86,1777906800,417.30,417.07,FVG_Trend
1777990800,MSFT,SELL,411.26,21.06,1777991100,411.26,410.42,FVG_Trend
1777991400,MSFT,SELL,410.88,35.39,1777996200,410.88,409.49,FVG_Trend
1778075400,MSFT,SELL,409.27,-56.74,1778076600,409.27,411.49,FVG_Trend
1778079000,MSFT,BUY,414.81,-9.28,1778079600,414.81,414.44,FVG_Trend
1778161800,MSFT,BUY,423.67,-16.68,1778162100,423.67,422.99,FVG_Trend
1778162400,MSFT,BUY,424.55,-38.18,1778163300,424.55,422.99,FVG_Trend
1770907800,MSFT,BUY,402.51,-56.90,1770911700,402.51,400.22,Liquidity_Sweep_MTF
1770915000,MSFT,BUY,399.92,72.85,1770917100,399.92,402.85,Liquidity_Sweep_MTF
1771427100,MSFT,SELL,400.08,-12.64,1771427400,400.08,400.59,Liquidity_Sweep_MTF
1771428000,MSFT,SELL,399.90,-26.02,1771429200,399.90,400.94,Liquidity_Sweep_MTF
1771432800,MSFT,SELL,401.48,-14.91,1771434300,401.48,402.08,Liquidity_Sweep_MTF
1771511700,MSFT,BUY,399.55,39.15,1771512300,399.55,401.12,Liquidity_Sweep_MTF
1771514100,MSFT,SELL,401.71,120.25,1771529700,401.71,396.88,Liquidity_Sweep_MTF
1771598400,MSFT,BUY,397.97,-66.36,1771857000,397.97,395.36,Liquidity_Sweep_MTF
1771860000,MSFT,BUY,388.80,-44.61,1771861800,388.80,387.08,Liquidity_Sweep_MTF
1771944000,MSFT,BUY,388.83,295.82,1772051100,388.83,400.32,Liquidity_Sweep_MTF
1772462100,MSFT,BUY,394.70,213.26,1772560800,394.70,402.87,Liquidity_Sweep_MTF
1772642700,MSFT,SELL,406.38,31.06,1772643300,406.38,405.18,Liquidity_Sweep_MTF
1772722800,MSFT,SELL,410.47,-16.19,1772723400,410.47,411.10,Liquidity_Sweep_MTF
1772724000,MSFT,SELL,407.87,-87.02,1772730000,407.87,411.24,Liquidity_Sweep_MTF
1772808300,MSFT,SELL,409.91,160.57,1773063900,409.91,403.61,Liquidity_Sweep_MTF
1773066000,MSFT,BUY,405.66,85.25,1773069300,405.66,408.92,Liquidity_Sweep_MTF
1773149700,MSFT,SELL,406.18,212.20,1773414000,406.18,398.12,Liquidity_Sweep_MTF
1773846000,MSFT,BUY,395.49,-17.65,1773849600,395.49,394.85,Liquidity_Sweep_MTF
1774272600,MSFT,BUY,386.14,-139.86,1774359000,386.14,381.18,Liquidity_Sweep_MTF
1774364400,MSFT,BUY,374.08,-44.11,1774368000,374.08,372.54,Liquidity_Sweep_MTF
1774446000,MSFT,SELL,373.70,179.30,1774541700,373.70,367.44,Liquidity_Sweep_MTF
1774622100,MSFT,BUY,359.47,-36.03,1774634700,359.47,358.28,Liquidity_Sweep_MTF
1774879200,MSFT,SELL,360.25,-32.52,1774880100,360.25,361.33,Liquidity_Sweep_MTF
1774966800,MSFT,SELL,366.40,46.64,1774967400,366.40,364.82,Liquidity_Sweep_MTF
1775051100,MSFT,SELL,369.00,-102.73,1775056200,369.00,372.49,Liquidity_Sweep_MTF
1775575800,MSFT,BUY,368.38,35.63,1775577600,368.38,369.60,Liquidity_Sweep_MTF
1775746200,MSFT,BUY,367.70,33.17,1775747700,367.70,368.83,Liquidity_Sweep_MTF
1775829900,MSFT,SELL,372.20,-33.16,1775830200,372.20,373.34,Liquidity_Sweep_MTF
1776348900,MSFT,SELL,413.56,-40.22,1776349800,413.56,415.10,Liquidity_Sweep_MTF
1776432600,MSFT,SELL,424.14,83.80,1776432900,424.14,420.83,Liquidity_Sweep_MTF
1776693900,MSFT,BUY,422.18,-42.49,1776694500,422.18,420.53,Liquidity_Sweep_MTF
1776694800,MSFT,BUY,420.42,-23.62,1776695100,420.42,419.50,Liquidity_Sweep_MTF
1776698700,MSFT,BUY,418.15,-32.72,1776699000,418.15,416.88,Liquidity_Sweep_MTF
1776699900,MSFT,BUY,417.22,10.29,1776700200,417.22,417.62,Liquidity_Sweep_MTF
1776783600,MSFT,SELL,423.51,-51.15,1776784500,423.51,425.52,Liquidity_Sweep_MTF
1777045800,MSFT,SELL,419.96,-50.70,1777054800,419.96,421.95,Liquidity_Sweep_MTF
1777297200,MSFT,BUY,420.65,181.74,1777384200,420.65,427.83,Liquidity_Sweep_MTF
1777384800,MSFT,SELL,425.74,-42.48,1777391700,425.74,427.41,Liquidity_Sweep_MTF
1777470600,MSFT,BUY,426.64,-76.66,1777472100,426.64,423.61,Liquidity_Sweep_MTF
1777560300,MSFT,BUY,405.03,-92.02,1777566300,405.03,401.55,Liquidity_Sweep_MTF
1777651200,MSFT,SELL,415.79,40.86,1777651800,415.79,414.19,Liquidity_Sweep_MTF
1777902900,MSFT,SELL,415.87,-116.75,1777904700,415.87,420.43,Liquidity_Sweep_MTF
1777996800,MSFT,BUY,409.48,-8.29,1777997400,409.48,409.16,Liquidity_Sweep_MTF
1778075700,MSFT,BUY,409.89,139.55,1778077500,409.89,415.32,Liquidity_Sweep_MTF
1771943400,NVDA,SELL,188.65,-181.82,1771947000,188.65,192.08,SMA_Cross_Volume
1772116200,NVDA,SELL,191.01,638.41,1772217900,191.01,178.59,SMA_Cross_Volume
1772548200,NVDA,SELL,178.07,-280.10,1772635500,178.07,182.84,SMA_Cross_Volume
1772721000,NVDA,SELL,181.73,-90.72,1772725800,181.73,183.35,SMA_Cross_Volume
1772807400,NVDA,SELL,180.96,275.33,1773063600,180.96,176.02,SMA_Cross_Volume
1773322200,NVDA,SELL,184.41,-92.14,1773408600,184.41,186.05,SMA_Cross_Volume
1773667800,NVDA,BUY,184.45,-251.64,1773927000,184.45,179.93,SMA_Cross_Volume
1774272600,NVDA,BUY,177.00,-299.10,1774551900,177.00,171.72,SMA_Cross_Volume
1774963800,NVDA,BUY,168.66,507.06,1775157000,168.66,177.46,SMA_Cross_Volume
1775484000,NVDA,SELL,176.08,-99.88,1775591700,176.08,177.80,SMA_Cross_Volume
1776087000,NVDA,SELL,186.45,-176.50,1776173400,186.45,189.70,SMA_Cross_Volume
1776346200,NVDA,SELL,197.39,-90.22,1776351600,197.39,199.18,SMA_Cross_Volume
1776692100,NVDA,SELL,199.58,-105.22,1776714000,199.58,201.71,SMA_Cross_Volume
1776959100,NVDA,SELL,201.54,152.94,1776966000,201.54,198.38,SMA_Cross_Volume
1777037400,NVDA,BUY,203.10,430.20,1777296900,203.10,211.92,SMA_Cross_Volume
1777383000,NVDA,SELL,210.27,644.96,1777646100,210.27,197.15,SMA_Cross_Volume
1777901400,NVDA,BUY,200.03,-117.23,1777902900,200.03,197.89,SMA_Cross_Volume
1778074200,NVDA,BUY,201.24,563.63,1778162700,201.24,211.68,SMA_Cross_Volume
1770993900,NVDA,SELL,185.12,21.88,1770994200,185.12,184.71,FVG_Trend
1770996300,NVDA,SELL,184.08,-6.53,1770996600,184.08,184.20,FVG_Trend
1771340400,NVDA,SELL,180.28,-6.13,1771340700,180.28,180.39,FVG_Trend
1771345500,NVDA,BUY,183.58,54.80,1771346100,183.58,184.59,FVG_Trend
1771429500,NVDA,BUY,189.72,-12.72,1771429800,189.72,189.48,FVG_Trend
1771430100,NVDA,BUY,189.87,-20.38,1771431600,189.87,189.48,FVG_Trend
1771431900,NVDA,BUY,189.77,-2.11,1771432200,189.77,189.73,FVG_Trend
1771513200,NVDA,SELL,187.30,-21.46,1771513800,187.30,187.70,FVG_Trend
1771516500,NVDA,SELL,187.92,-1.55,1771516800,187.92,187.95,FVG_Trend
1771519800,NVDA,SELL,187.03,15.25,1771520100,187.03,186.74,FVG_Trend
1771604100,NVDA,BUY,189.23,-0.53,1771604400,189.23,189.22,FVG_Trend
1771606500,NVDA,BUY,189.79,-5.28,1771606800,189.79,189.69,FVG_Trend
1771859100,NVDA,BUY,191.72,-93.51,1771862400,191.72,189.93,FVG_Trend
1771944000,NVDA,SELL,190.25,-34.94,1771945500,190.25,190.92,FVG_Trend
1771950300,NVDA,BUY,192.15,-6.17,1771950600,192.15,192.03,FVG_Trend
1772037000,NVDA,BUY,196.50,15.09,1772037300,196.50,196.80,FVG_Trend
1772204700,NVDA,SELL,182.14,205.37,1772218200,182.14,178.36,FVG_Trend
1772470800,NVDA,BUY,182.35,35.73,1772471700,182.35,183.00,FVG_Trend
1772636100,NVDA,BUY,180.97,55.45,1772636700,180.97,181.96,FVG_Trend
1772722200,NVDA,SELL,182.26,-19.85,1772722500,182.26,182.61,FVG_Trend
1772722800,NVDA,SELL,182.10,-28.36,1772723400,182.10,182.61,FVG_Trend
1772726700,NVDA,BUY,183.29,-12.18,1772727000,183.29,183.07,FVG_Trend
1772808300,NVDA,SELL,181.75,-39.24,1772809200,181.75,182.45,FVG_Trend
1772809500,NVDA,SELL,181.63,103.77,1772827500,181.63,179.77,FVG_Trend
1773063000,NVDA,SELL,177.52,33.60,1773063300,177.52,176.94,FVG_Trend
1773326400,NVDA,SELL,182.26,-12.35,1773326700,182.26,182.48,FVG_Trend
1773327300,NVDA,SELL,182.38,-5.32,1773327600,182.38,182.48,FVG_Trend
1773410400,NVDA,BUY,184.10,-28.57,1773412500,184.10,183.58,FVG_Trend
1773414600,NVDA,SELL,182.76,11.09,1773414900,182.76,182.56,FVG_Trend
1773669600,NVDA,BUY,184.01,-200.57,1773863700,184.01,180.39,FVG_Trend
1773928200,NVDA,SELL,177.47,242.44,1774033500,177.47,173.17,FVG_Trend
1774273200,NVDA,BUY,176.56,-206.40,1774546800,176.56,173.00,FVG_Trend
1774618500,NVDA,SELL,170.77,45.37,1774618800,170.77,170.00,FVG_Trend
1774620300,NVDA,SELL,168.86,111.88,1774878000,168.86,166.98,FVG_Trend
1774881000,NVDA,SELL,167.00,-3.66,1774881300,167.00,167.06,FVG_Trend
1774965900,NVDA,BUY,169.37,-0.90,1774966200,169.37,169.35,FVG_Trend
1774968300,NVDA,BUY,170.19,-13.47,1774968600,170.19,169.97,FVG_Trend
1775050800,NVDA,BUY,175.61,93.82,1775058900,175.61,177.23,FVG_Trend
1775138100,NVDA,SELL,174.07,-91.39,1775140500,174.07,175.62,FVG_Trend
1775482200,NVDA,BUY,177.24,-8.32,1775482500,177.24,177.09,FVG_Trend
1775485500,NVDA,BUY,176.78,-2.87,1775485800,176.78,176.73,FVG_Trend
1775486100,NVDA,BUY,176.46,11.54,1775486400,176.46,176.66,FVG_Trend
1775491200,NVDA,BUY,177.16,-4.87,1775491500,177.16,177.08,FVG_Trend
1775568900,NVDA,SELL,176.64,41.45,1775569500,176.64,175.92,FVG_Trend
1775571900,NVDA,SELL,175.08,55.10,1775574000,175.08,174.14,FVG_Trend
1775574600,NVDA,SELL,174.43,-10.89,1775574900,174.43,174.62,FVG_Trend
1775655300,NVDA,BUY,183.27,485.88,1776173400,183.27,191.95,FVG_Trend
1776176100,NVDA,BUY,192.34,-1.27,1776176400,192.34,192.31,FVG_Trend
1776180600,NVDA,BUY,193.37,11.24,1776180900,193.37,193.57,FVG_Trend
1776260400,NVDA,BUY,196.89,32.76,1776260700,196.89,197.49,FVG_Trend
1776353100,NVDA,BUY,199.01,21.94,1776353700,199.01,199.41,FVG_Trend
1776354000,NVDA,BUY,199.12,-20.62,1776354300,199.12,198.74,FVG_Trend
1776700800,NVDA,SELL,198.71,-2.44,1776701100,198.71,198.75,FVG_Trend
1776781800,NVDA,BUY,201.76,-2.82,1776782100,201.76,201.71,FVG_Trend
1776782700,NVDA,BUY,201.72,-0.68,1776783000,201.72,201.71,FVG_Trend
1776865800,NVDA,SELL,200.02,30.31,1776866400,200.02,199.46,FVG_Trend
1776951600,NVDA,BUY,202.66,-48.31,1776954300,202.66,201.75,FVG_Trend
1776957900,NVDA,BUY,202.51,-11.61,1776958200,202.51,202.29,FVG_Trend
1776958500,NVDA,BUY,202.35,-3.18,1776958800,202.35,202.29,FVG_Trend
1777297200,NVDA,BUY,209.79,-68.11,1777297800,209.79,208.46,FVG_Trend
1777298100,NVDA,BUY,210.36,-96.43,1777300200,210.36,208.46,FVG_Trend
1777383300,NVDA,SELL,211.40,353.58,1777557000,211.40,204.33,FVG_Trend
1777563900,NVDA,SELL,200.85,-10.89,1777564200,200.85,201.05,FVG_Trend
1777647600,NVDA,SELL,199.62,-1.64,1777647900,199.62,199.65,FVG_Trend
1777901400,NVDA,BUY,200.03,42.20,1777901700,200.03,200.80,FVG_Trend
1777909200,NVDA,SELL,196.40,35.18,1777909800,196.40,195.77,FVG_Trend
1777910100,NVDA,SELL,195.69,-63.51,1777912800,195.69,196.82,FVG_Trend
1777991700,NVDA,SELL,197.46,-52.88,1777998300,197.46,198.42,FVG_Trend
1778076000,NVDA,BUY,203.09,41.04,1778076300,203.09,203.86,FVG_Trend
1778076900,NVDA,BUY,203.34,61.24,1778077500,203.34,204.48,FVG_Trend
1778081700,NVDA,BUY,205.90,-51.75,1778082300,205.90,204.93,FVG_Trend
1778082900,NVDA,BUY,204.83,-2.67,1778083200,204.83,204.78,FVG_Trend
1778168700,NVDA,BUY,212.85,-6.16,1778169000,212.85,212.73,FVG_Trend
1770906900,NVDA,SELL,191.94,174.01,1770913200,191.94,188.60,Liquidity_Sweep_MTF
1770915000,NVDA,BUY,189.31,65.56,1770917700,189.31,190.53,Liquidity_Sweep_MTF
1771338900,NVDA,BUY,183.32,-129.59,1771339500,183.32,181.00,Liquidity_Sweep_MTF
1771343100,NVDA,BUY,180.81,173.34,1771344600,180.81,183.91,Liquidity_Sweep_MTF
1771429800,NVDA,SELL,189.68,-12.51,1771430100,189.68,189.92,Liquidity_Sweep_MTF
1771431000,NVDA,SELL,189.91,50.30,1771433400,189.91,188.98,Liquidity_Sweep_MTF
1771513500,NVDA,BUY,187.41,-57.80,1771522200,187.41,186.36,Liquidity_Sweep_MTF
1771598700,NVDA,SELL,188.02,-24.02,1771599600,188.02,188.46,Liquidity_Sweep_MTF
1771599900,NVDA,SELL,187.48,-102.12,1771602300,187.48,189.35,Liquidity_Sweep_MTF
1771604400,NVDA,SELL,188.85,-42.68,1771605300,188.85,189.64,Liquidity_Sweep_MTF
1771945200,NVDA,BUY,190.28,89.44,1771946700,190.28,191.97,Liquidity_Sweep_MTF
1771947300,NVDA,SELL,191.85,-14.60,1771947900,191.85,192.13,Liquidity_Sweep_MTF
1771952400,NVDA,SELL,192.92,-23.19,1771952700,192.92,193.36,Liquidity_Sweep_MTF
1772036100,NVDA,SELL,196.15,-24.82,1772037000,196.15,196.63,Liquidity_Sweep_MTF
1772462100,NVDA,BUY,179.09,504.34,1773688200,179.09,188.02,Liquidity_Sweep_MTF
1773754500,NVDA,BUY,184.01,-43.89,1773755400,184.01,183.25,Liquidity_Sweep_MTF
1773841800,NVDA,BUY,182.04,49.99,1773842700,182.04,182.90,Liquidity_Sweep_MTF
1774278600,NVDA,SELL,178.00,38.23,1774279800,178.00,177.36,Liquidity_Sweep_MTF
1774451400,NVDA,SELL,179.85,52.80,1774454400,179.85,178.96,Liquidity_Sweep_MTF
1774879800,NVDA,BUY,167.91,-97.07,1774881600,167.91,166.39,Liquidity_Sweep_MTF
1775053200,NVDA,SELL,175.96,-28.68,1775055000,175.96,176.43,Liquidity_Sweep_MTF
1775059200,NVDA,SELL,177.04,-14.07,1775059500,177.04,177.28,Liquidity_Sweep_MTF
1775482500,NVDA,SELL,176.61,142.62,1775574000,176.61,174.23,Liquidity_Sweep_MTF
1775575200,NVDA,BUY,174.79,49.70,1775577600,174.79,175.60,Liquidity_Sweep_MTF
1775836200,NVDA,SELL,188.45,-33.75,1775847600,188.45,189.04,Liquidity_Sweep_MTF
1776088800,NVDA,BUY,188.17,99.33,1776173400,188.17,189.91,Liquidity_Sweep_MTF
1776177600,NVDA,SELL,193.11,-21.06,1776180000,193.11,193.49,Liquidity_Sweep_MTF
1776180600,NVDA,SELL,193.37,-20.98,1776180900,193.37,193.74,Liquidity_Sweep_MTF
1776267000,NVDA,SELL,199.55,-21.38,1776267600,199.55,199.95,Liquidity_Sweep_MTF
1776268500,NVDA,SELL,199.68,30.77,1776270300,199.68,199.11,Liquidity_Sweep_MTF
1776352500,NVDA,SELL,199.22,69.44,1776357000,199.22,197.94,Liquidity_Sweep_MTF
1776692400,NVDA,BUY,199.86,-27.26,1776693000,199.86,199.36,Liquidity_Sweep_MTF
1776693300,NVDA,BUY,200.25,-49.31,1776694500,200.25,199.34,Liquidity_Sweep_MTF
1776698100,NVDA,BUY,198.60,33.18,1776698700,198.60,199.20,Liquidity_Sweep_MTF
1776779700,NVDA,SELL,201.42,-21.52,1776780300,201.42,201.82,Liquidity_Sweep_MTF
1776870000,NVDA,SELL,201.15,-19.08,1776870900,201.15,201.51,Liquidity_Sweep_MTF
1776872100,NVDA,SELL,201.45,-14.20,1776877800,201.45,201.71,Liquidity_Sweep_MTF
1776951000,NVDA,SELL,201.32,-63.99,1776951600,201.32,202.51,Liquidity_Sweep_MTF
1776953700,NVDA,SELL,202.17,-36.81,1776956400,202.17,202.86,Liquidity_Sweep_MTF
1777037700,NVDA,SELL,202.92,28.93,1777038000,202.92,202.37,Liquidity_Sweep_MTF
1777046100,NVDA,SELL,209.13,-27.14,1777047600,209.13,209.66,Liquidity_Sweep_MTF
1777297200,NVDA,SELL,209.79,-110.48,1777307400,209.79,211.96,Liquidity_Sweep_MTF
1777560900,NVDA,BUY,201.78,-42.43,1777563300,201.78,200.97,Liquidity_Sweep_MTF
1777642500,NVDA,SELL,201.60,147.79,1777645800,201.60,198.77,Liquidity_Sweep_MTF
1777646700,NVDA,BUY,199.82,-73.19,1777661100,199.82,198.45,Liquidity_Sweep_MTF
1777902600,NVDA,SELL,198.59,201.27,1777908000,198.59,194.82,Liquidity_Sweep_MTF
1778074200,NVDA,BUY,201.24,547.59,1778162700,201.24,211.44,Liquidity_Sweep_MTF
1778166000,NVDA,SELL,212.46,-52.63,1778168400,212.46,213.44,Liquidity_Sweep_MTF
